subclone	parent	color	branchLength	patient
1	-1	#cccccc	2758	EOC3
2	3	#a6cee3	48	EOC3
3	8	#b2df8a	358	EOC3
4	3	#cab2d6	203	EOC3
5	3	#ff99ff	70	EOC3
6	1	#fdbf6f	187	EOC3
7	6	#fb9a99	695	EOC3
8	1	#bbbb77	128	EOC3
9	3	#cf8d30	217	EOC3
10	8	#41ae76	97	EOC3
1	-1	#cccccc	1830	EOC25
2	1	#a6cee3	1118	EOC25
3	4	#b2df8a	60	EOC25
4	1	#cab2d6	989	EOC25
1	-1	#cccccc	97	EOC26
3	10	#b2df8a	1079	EOC26
4	13	#cab2d6	423	EOC26
7	13	#fb9a99	815	EOC26
9	13	#cf8d30	119	EOC26
10	1	#41ae76	70	EOC26
11	4	#ff7f00	284	EOC26
12	9	#3de4c5	803	EOC26
13	10	#ff1aff	1277	EOC26
1	-1	#cccccc	3608	EOC41
3	1	#b2df8a	144	EOC41
1	-1	#cccccc	1745	EOC44
2	1	#a6cee3	161	EOC44
3	6	#b2df8a	932	EOC44
5	9	#ff99ff	994	EOC44
6	1	#fdbf6f	1832	EOC44
9	1	#cf8d30	1248	EOC44
10	9	#41ae76	1433	EOC44
1	-1	#cccccc	8546	EOC49
2	1	#a6cee3	2179	EOC49
1	-1	#cccccc	4313	EOC50
2	1	#a6cee3	201	EOC50
3	1	#b2df8a	683	EOC50
4	1	#cab2d6	168	EOC50
1	-1	#cccccc	1611	EOC63
2	4	#a6cee3	3604	EOC63
3	1	#b2df8a	8141	EOC63
4	1	#cab2d6	14089	EOC63
5	4	#ff99ff	128	EOC63
1	-1	#cccccc	2742	EOC69
2	12	#a6cee3	478	EOC69
5	9	#ff99ff	68	EOC69
6	5	#fdbf6f	244	EOC69
8	1	#bbbb77	2433	EOC69
9	8	#cf8d30	313	EOC69
11	8	#ff7f00	868	EOC69
12	1	#3de4c5	4762	EOC69
13	9	#ff1aff	1017	EOC69
1	-1	#cccccc	5827	EOC77
2	1	#a6cee3	6479	EOC77
6	12	#fdbf6f	3703	EOC77
8	2	#bbbb77	1160	EOC77
9	2	#cf8d30	1671	EOC77
12	1	#3de4c5	9087	EOC77
13	8	#ff1aff	301	EOC77
14	8	#9933ff	1322	EOC77
16	12	#8c510a	1871	EOC77
17	6	#666633	292	EOC77
1	-1	#cccccc	1654	EOC87
3	1	#b2df8a	67	EOC87
4	1	#cab2d6	189	EOC87
5	1	#ff99ff	123	EOC87
6	1	#fdbf6f	221	EOC87
7	1	#fb9a99	59	EOC87
8	1	#bbbb77	469	EOC87
1	-1	#cccccc	3348	EOC103
2	1	#a6cee3	4538	EOC103
3	4	#b2df8a	234	EOC103
4	7	#cab2d6	421	EOC103
5	2	#ff99ff	3899	EOC103
7	1	#fb9a99	4902	EOC103
8	2	#bbbb77	1066	EOC103
11	4	#ff7f00	329	EOC103
12	2	#3de4c5	1428	EOC103
1	-1	#cccccc	600	EOC105
2	12	#a6cee3	386	EOC105
3	1	#b2df8a	5368	EOC105
4	5	#cab2d6	736	EOC105
5	3	#ff99ff	1916	EOC105
7	3	#fb9a99	645	EOC105
8	12	#bbbb77	1344	EOC105
10	16	#41ae76	674	EOC105
12	1	#3de4c5	2099	EOC105
14	8	#9933ff	608	EOC105
16	2	#8c510a	380	EOC105
1	-1	#cccccc	994	EOC115
3	1	#b2df8a	104	EOC115
4	1	#cab2d6	50	EOC115
1	-1	#cccccc	2557	EOC124
2	3	#a6cee3	3728	EOC124
3	1	#b2df8a	529	EOC124
5	1	#ff99ff	6118	EOC124
1	-1	#cccccc	5522	EOC133
2	4	#a6cee3	434	EOC133
4	1	#cab2d6	1019	EOC133
6	1	#fdbf6f	469	EOC133
7	6	#fb9a99	878	EOC133
8	2	#bbbb77	313	EOC133
1	-1	#cccccc	5671	EOC135
2	9	#a6cee3	150	EOC135
4	1	#cab2d6	1623	EOC135
6	9	#fdbf6f	701	EOC135
7	4	#fb9a99	2245	EOC135
9	1	#cf8d30	620	EOC135
1	-1	#cccccc	3841	EOC136
3	4	#b2df8a	485	EOC136
4	7	#cab2d6	328	EOC136
5	8	#ff99ff	275	EOC136
7	1	#fb9a99	85	EOC136
8	4	#bbbb77	285	EOC136
10	7	#41ae76	122	EOC136
11	8	#ff7f00	219	EOC136
12	1	#3de4c5	560	EOC136
13	1	#ff1aff	57	EOC136
1	-1	#cccccc	5951	EOC148
3	4	#b2df8a	497	EOC148
4	1	#cab2d6	58	EOC148
5	4	#ff99ff	2494	EOC148
6	1	#fdbf6f	4560	EOC148
7	1	#fb9a99	218	EOC148
1	-1	#cccccc	763	EOC150
3	6	#b2df8a	1090	EOC150
4	3	#cab2d6	182	EOC150
6	1	#fdbf6f	490	EOC150
8	11	#bbbb77	145	EOC150
10	1	#41ae76	118	EOC150
11	6	#ff7f00	764	EOC150
1	-1	#cccccc	2490	EOC151
2	1	#a6cee3	79	EOC151
3	1	#b2df8a	185	EOC151
1	-1	#cccccc	1678	EOC153
2	4	#a6cee3	631	EOC153
3	11	#b2df8a	1869	EOC153
4	1	#cab2d6	7783	EOC153
5	9	#ff99ff	812	EOC153
6	9	#fdbf6f	191	EOC153
8	4	#bbbb77	263	EOC153
9	4	#cf8d30	2034	EOC153
11	1	#ff7f00	676	EOC153
12	3	#3de4c5	2748	EOC153
1	-1	#cccccc	1033	EOC160
2	1	#a6cee3	1946	EOC160
3	1	#b2df8a	815	EOC160
4	3	#cab2d6	84	EOC160
1	-1	#cccccc	1599	EOC165
2	1	#a6cee3	7136	EOC165
3	1	#b2df8a	1414	EOC165
4	1	#cab2d6	502	EOC165
5	4	#ff99ff	288	EOC165
1	-1	#cccccc	2899	EOC167
2	9	#a6cee3	476	EOC167
3	8	#b2df8a	616	EOC167
5	8	#ff99ff	964	EOC167
6	8	#fdbf6f	130	EOC167
8	1	#bbbb77	596	EOC167
9	1	#cf8d30	361	EOC167
10	9	#41ae76	159	EOC167
11	9	#ff7f00	565	EOC167
13	8	#ff1aff	225	EOC167
1	-1	#cccccc	5213	EOC172
2	5	#a6cee3	390	EOC172
3	1	#b2df8a	709	EOC172
4	15	#cab2d6	74	EOC172
5	1	#ff99ff	609	EOC172
11	4	#ff7f00	147	EOC172
13	15	#ff1aff	429	EOC172
15	5	#3690c0	209	EOC172
1	-1	#cccccc	7858	EOC175
2	4	#a6cee3	147	EOC175
3	1	#b2df8a	524	EOC175
4	1	#cab2d6	878	EOC175
5	1	#ff99ff	720	EOC175
1	-1	#cccccc	2478	EOC177
2	17	#a6cee3	1928	EOC177
5	7	#ff99ff	545	EOC177
6	11	#fdbf6f	2630	EOC177
7	12	#fb9a99	1024	EOC177
9	15	#cf8d30	1895	EOC177
10	11	#41ae76	743	EOC177
11	1	#ff7f00	2577	EOC177
12	1	#3de4c5	4298	EOC177
15	11	#3690c0	9440	EOC177
16	17	#8c510a	2343	EOC177
17	6	#666633	2258	EOC177
1	-1	#cccccc	9530	EOC182
2	1	#a6cee3	209	EOC182
3	4	#b2df8a	145	EOC182
4	1	#cab2d6	408	EOC182
1	-1	#cccccc	1181	EOC183
5	6	#ff99ff	145	EOC183
6	1	#fdbf6f	89	EOC183
7	1	#fb9a99	290	EOC183
8	1	#bbbb77	109	EOC183
1	-1	#cccccc	1973	EOC192
2	6	#a6cee3	54	EOC192
3	1	#b2df8a	291	EOC192
4	2	#cab2d6	144	EOC192
5	9	#ff99ff	246	EOC192
6	1	#fdbf6f	301	EOC192
8	11	#bbbb77	161	EOC192
9	1	#cf8d30	95	EOC192
10	1	#41ae76	571	EOC192
11	9	#ff7f00	165	EOC192
12	5	#3de4c5	133	EOC192
13	6	#ff1aff	79	EOC192
15	6	#3690c0	91	EOC192
1	-1	#cccccc	5309	EOC197
2	1	#a6cee3	60	EOC197
3	2	#b2df8a	44	EOC197
1	-1	#cccccc	4580	EOC198
2	4	#a6cee3	134	EOC198
4	1	#cab2d6	37	EOC198
5	4	#ff99ff	466	EOC198
6	1	#fdbf6f	755	EOC198
1	-1	#cccccc	7880	EOC202
2	1	#a6cee3	73	EOC202
3	1	#b2df8a	378	EOC202
6	2	#fdbf6f	2255	EOC202
7	6	#fb9a99	212	EOC202
8	3	#bbbb77	1371	EOC202
9	8	#cf8d30	726	EOC202
11	8	#ff7f00	309	EOC202
1	-1	#cccccc	4091	EOC206
3	1	#b2df8a	195	EOC206
4	6	#cab2d6	833	EOC206
5	3	#ff99ff	3245	EOC206
6	1	#fdbf6f	6610	EOC206
1	-1	#cccccc	4176	EOC207
3	1	#b2df8a	491	EOC207
4	3	#cab2d6	1217	EOC207
6	4	#fdbf6f	2277	EOC207
7	3	#fb9a99	2272	EOC207
1	-1	#cccccc	7165	EOC218
3	13	#b2df8a	125	EOC218
6	14	#fdbf6f	165	EOC218
7	11	#fb9a99	499	EOC218
8	14	#bbbb77	875	EOC218
11	3	#ff7f00	178	EOC218
12	13	#3de4c5	540	EOC218
13	1	#ff1aff	87	EOC218
14	11	#9933ff	260	EOC218
1	-1	#cccccc	3717	EOC227
2	1	#a6cee3	38	EOC227
3	2	#b2df8a	194	EOC227
4	1	#cab2d6	341	EOC227
1	-1	#cccccc	2979	EOC256
2	1	#a6cee3	124	EOC256
3	1	#b2df8a	3329	EOC256
4	1	#cab2d6	411	EOC256
1	-1	#cccccc	9332	EOC286
2	1	#a6cee3	709	EOC286
3	4	#b2df8a	164	EOC286
4	1	#cab2d6	2760	EOC286
1	-1	#cccccc	3067	EOC292
2	5	#a6cee3	572	EOC292
4	1	#cab2d6	453	EOC292
5	1	#ff99ff	74	EOC292
1	-1	#cccccc	1397	EOC293
2	5	#a6cee3	90	EOC293
4	6	#cab2d6	561	EOC293
5	1	#ff99ff	137	EOC293
6	1	#fdbf6f	781	EOC293
8	1	#bbbb77	149	EOC293
1	-1	#cccccc	7247	EOC294
3	5	#b2df8a	442	EOC294
5	1	#ff99ff	8523	EOC294
7	1	#fb9a99	333	EOC294
8	9	#bbbb77	4768	EOC294
9	7	#cf8d30	5802	EOC294
1	-1	#cccccc	1695	EOC295
2	1	#a6cee3	207	EOC295
1	-1	#cccccc	2861	EOC299
2	3	#a6cee3	1351	EOC299
3	1	#b2df8a	46	EOC299
4	1	#cab2d6	1417	EOC299
1	-1	#cccccc	1555	EOC310
2	1	#a6cee3	842	EOC310
3	5	#b2df8a	454	EOC310
4	1	#cab2d6	176	EOC310
5	1	#ff99ff	699	EOC310
1	-1	#cccccc	2018	EOC318
3	1	#b2df8a	721	EOC318
4	1	#cab2d6	389	EOC318
6	1	#fdbf6f	351	EOC318
7	1	#fb9a99	104	EOC318
1	-1	#cccccc	2953	EOC319
2	1	#a6cee3	661	EOC319
1	-1	#cccccc	4576	EOC321
2	5	#a6cee3	170	EOC321
3	1	#b2df8a	92	EOC321
4	1	#cab2d6	56	EOC321
5	3	#ff99ff	82	EOC321
6	3	#fdbf6f	86	EOC321
1	-1	#cccccc	6798	EOC323
2	1	#a6cee3	4144	EOC323
3	2	#b2df8a	849	EOC323
4	2	#cab2d6	906	EOC323
6	1	#fdbf6f	830	EOC323
1	-1	#cccccc	5508	EOC351
3	6	#b2df8a	484	EOC351
4	5	#cab2d6	408	EOC351
5	1	#ff99ff	245	EOC351
6	1	#fdbf6f	143	EOC351
1	-1	#cccccc	2857	EOC357
2	4	#a6cee3	576	EOC357
3	1	#b2df8a	783	EOC357
4	1	#cab2d6	39	EOC357
1	-1	#cccccc	2128	EOC359
3	1	#b2df8a	66	EOC359
4	1	#cab2d6	625	EOC359
6	1	#fdbf6f	219	EOC359
1	-1	#cccccc	1139	EOC363
2	1	#a6cee3	115	EOC363
4	2	#cab2d6	361	EOC363
5	6	#ff99ff	140	EOC363
6	1	#fdbf6f	508	EOC363
1	-1	#cccccc	2745	EOC372
2	1	#a6cee3	54	EOC372
3	1	#b2df8a	270	EOC372
5	1	#ff99ff	216	EOC372
1	-1	#cccccc	1282	EOC373
2	4	#a6cee3	2985	EOC373
3	4	#b2df8a	1757	EOC373
4	1	#cab2d6	66	EOC373
1	-1	#cccccc	4596	EOC378
2	4	#a6cee3	894	EOC378
4	1	#cab2d6	48	EOC378
5	2	#ff99ff	276	EOC378
6	4	#fdbf6f	789	EOC378
1	-1	#cccccc	5931	EOC379
4	5	#cab2d6	230	EOC379
5	1	#ff99ff	120	EOC379
8	11	#bbbb77	48	EOC379
9	5	#cf8d30	326	EOC379
10	9	#41ae76	201	EOC379
11	12	#ff7f00	198	EOC379
12	1	#3de4c5	326	EOC379
1	-1	#cccccc	4722	EOC382
2	1	#a6cee3	1234	EOC382
4	1	#cab2d6	2369	EOC382
5	1	#ff99ff	76	EOC382
1	-1	#cccccc	2225	EOC386
2	4	#a6cee3	949	EOC386
4	1	#cab2d6	35	EOC386
1	-1	#cccccc	3327	EOC388
2	1	#a6cee3	315	EOC388
3	4	#b2df8a	811	EOC388
4	2	#cab2d6	60	EOC388
6	8	#fdbf6f	1150	EOC388
8	1	#bbbb77	78	EOC388
1	-1	#cccccc	1144	EOC390
2	1	#a6cee3	2227	EOC390
4	2	#cab2d6	615	EOC390
5	8	#ff99ff	64	EOC390
6	1	#fdbf6f	4369	EOC390
7	6	#fb9a99	32	EOC390
8	2	#bbbb77	332	EOC390
9	2	#cf8d30	429	EOC390
1	-1	#cccccc	764	EOC415
2	14	#a6cee3	1242	EOC415
3	1	#b2df8a	1418	EOC415
4	3	#cab2d6	1593	EOC415
5	3	#ff99ff	132	EOC415
6	14	#fdbf6f	1330	EOC415
7	6	#fb9a99	1193	EOC415
9	1	#cf8d30	2392	EOC415
10	4	#41ae76	1010	EOC415
14	5	#9933ff	639	EOC415
1	-1	#cccccc	1914	EOC423
4	5	#cab2d6	2581	EOC423
5	1	#ff99ff	1314	EOC423
6	1	#fdbf6f	1651	EOC423
7	6	#fb9a99	137	EOC423
8	4	#bbbb77	462	EOC423
1	-1	#cccccc	2497	EOC434
2	1	#a6cee3	735	EOC434
4	1	#cab2d6	334	EOC434
1	-1	#cccccc	3195	EOC443
2	1	#a6cee3	647	EOC443
4	1	#cab2d6	1244	EOC443
5	1	#ff99ff	37	EOC443
1	-1	#cccccc	7109	EOC448
2	4	#a6cee3	64	EOC448
3	1	#b2df8a	93	EOC448
4	1	#cab2d6	1260	EOC448
1	-1	#cccccc	4202	EOC449
2	7	#a6cee3	976	EOC449
3	5	#b2df8a	934	EOC449
5	1	#ff99ff	497	EOC449
6	5	#fdbf6f	379	EOC449
7	1	#fb9a99	1050	EOC449
1	-1	#cccccc	2430	EOC465
3	9	#b2df8a	184	EOC465
5	10	#ff99ff	337	EOC465
6	12	#fdbf6f	437	EOC465
8	6	#bbbb77	1576	EOC465
9	1	#cf8d30	1510	EOC465
10	12	#41ae76	286	EOC465
12	1	#3de4c5	154	EOC465
1	-1	#cccccc	1392	EOC471
2	1	#a6cee3	2465	EOC471
4	1	#cab2d6	43	EOC471
5	1	#ff99ff	2343	EOC471
1	-1	#cccccc	2511	EOC473
2	1	#a6cee3	53	EOC473
3	10	#b2df8a	713	EOC473
5	1	#ff99ff	678	EOC473
6	2	#fdbf6f	1252	EOC473
9	5	#cf8d30	165	EOC473
10	2	#41ae76	1312	EOC473
11	10	#ff7f00	511	EOC473
1	-1	#cccccc	3560	EOC482
2	3	#a6cee3	139	EOC482
3	1	#b2df8a	5945	EOC482
4	1	#cab2d6	264	EOC482
1	-1	#cccccc	1426	EOC495
2	5	#a6cee3	184	EOC495
3	6	#b2df8a	246	EOC495
4	1	#cab2d6	2874	EOC495
5	7	#ff99ff	864	EOC495
6	5	#fdbf6f	154	EOC495
7	1	#fb9a99	179	EOC495
8	7	#bbbb77	631	EOC495
9	4	#cf8d30	415	EOC495
1	-1	#cccccc	4185	EOC498
4	10	#cab2d6	1472	EOC498
5	7	#ff99ff	264	EOC498
7	10	#fb9a99	780	EOC498
8	7	#bbbb77	50	EOC498
9	1	#cf8d30	191	EOC498
10	1	#41ae76	109	EOC498
1	-1	#cccccc	2194	EOC523
2	1	#a6cee3	112	EOC523
3	1	#b2df8a	771	EOC523
4	1	#cab2d6	399	EOC523
1	-1	#cccccc	1483	EOC556
4	5	#cab2d6	286	EOC556
5	1	#ff99ff	203	EOC556
6	4	#fdbf6f	95	EOC556
1	-1	#cccccc	1579	EOC558
2	7	#a6cee3	1471	EOC558
3	9	#b2df8a	1914	EOC558
4	7	#cab2d6	327	EOC558
7	13	#fb9a99	723	EOC558
8	1	#bbbb77	1308	EOC558
9	7	#cf8d30	117	EOC558
10	13	#41ae76	118	EOC558
13	1	#ff1aff	639	EOC558
14	1	#9933ff	267	EOC558
1	-1	#cccccc	2746	EOC559
4	1	#cab2d6	1907	EOC559
5	8	#ff99ff	991	EOC559
8	1	#bbbb77	440	EOC559
9	8	#cf8d30	106	EOC559
1	-1	#cccccc	2305	EOC561
2	1	#a6cee3	572	EOC561
5	1	#ff99ff	118	EOC561
1	-1	#cccccc	304	EOC568
2	1	#a6cee3	1173	EOC568
4	2	#cab2d6	758	EOC568
1	-1	#cccccc	6853	EOC580
3	1	#b2df8a	5052	EOC580
4	1	#cab2d6	133	EOC580
5	4	#ff99ff	37	EOC580
6	5	#fdbf6f	32	EOC580
1	-1	#cccccc	496	EOC587
2	1	#a6cee3	1835	EOC587
4	1	#cab2d6	2500	EOC587
1	-1	#cccccc	2258	EOC598
2	1	#a6cee3	554	EOC598
3	2	#b2df8a	31	EOC598
4	3	#cab2d6	808	EOC598
7	2	#fb9a99	1659	EOC598
8	1	#bbbb77	92	EOC598
1	-1	#cccccc	2818	EOC620
2	5	#a6cee3	1343	EOC620
3	6	#b2df8a	1405	EOC620
5	8	#ff99ff	118	EOC620
6	1	#fdbf6f	150	EOC620
7	8	#fb9a99	51	EOC620
8	1	#bbbb77	114	EOC620
1	-1	#cccccc	2989	EOC634
3	6	#b2df8a	1156	EOC634
4	7	#cab2d6	950	EOC634
5	7	#ff99ff	189	EOC634
6	1	#fdbf6f	410	EOC634
7	1	#fb9a99	827	EOC634
1	-1	#cccccc	1720	EOC649
1	-1	#cccccc	7489	EOC652
4	5	#cab2d6	807	EOC652
5	1	#ff99ff	1075	EOC652
7	1	#fb9a99	109	EOC652
1	-1	#cccccc	1433	EOC658
2	1	#a6cee3	755	EOC658
3	1	#b2df8a	121	EOC658
1	-1	#cccccc	8326	EOC659
2	1	#a6cee3	380	EOC659
3	1	#b2df8a	8359	EOC659
4	1	#cab2d6	1146	EOC659
1	-1	#cccccc	3086	EOC668
3	4	#b2df8a	43	EOC668
4	1	#cab2d6	680	EOC668
5	1	#ff99ff	370	EOC668
6	4	#fdbf6f	282	EOC668
7	4	#fb9a99	192	EOC668
1	-1	#cccccc	4961	EOC677
2	1	#a6cee3	239	EOC677
4	5	#cab2d6	437	EOC677
5	10	#ff99ff	1802	EOC677
6	9	#fdbf6f	979	EOC677
9	10	#cf8d30	223	EOC677
10	1	#41ae76	314	EOC677
11	9	#ff7f00	117	EOC677
1	-1	#cccccc	15502	EOC691
2	1	#a6cee3	438	EOC691
3	1	#b2df8a	238	EOC691
1	-1	#cccccc	5101	EOC702
2	1	#a6cee3	47	EOC702
3	2	#b2df8a	458	EOC702
4	1	#cab2d6	187	EOC702
1	-1	#cccccc	3013	EOC731
2	1	#a6cee3	704	EOC731
4	6	#cab2d6	208	EOC731
5	2	#ff99ff	95	EOC731
6	1	#fdbf6f	1998	EOC731
7	2	#fb9a99	502	EOC731
1	-1	#cccccc	3663	EOC733
2	1	#a6cee3	96	EOC733
3	1	#b2df8a	2133	EOC733
4	3	#cab2d6	96	EOC733
5	1	#ff99ff	180	EOC733
6	3	#fdbf6f	40	EOC733
1	-1	#cccccc	1473	EOC736
2	1	#a6cee3	627	EOC736
3	1	#b2df8a	1051	EOC736
5	1	#ff99ff	1682	EOC736
1	-1	#cccccc	2245	EOC737
3	5	#b2df8a	78	EOC737
5	7	#ff99ff	184	EOC737
6	5	#fdbf6f	60	EOC737
7	1	#fb9a99	1147	EOC737
8	5	#bbbb77	132	EOC737
9	7	#cf8d30	147	EOC737
1	-1	#cccccc	1418	EOC740
3	1	#b2df8a	60	EOC740
4	1	#cab2d6	719	EOC740
5	3	#ff99ff	75	EOC740
1	-1	#cccccc	5685	EOC742
3	1	#b2df8a	170	EOC742
5	10	#ff99ff	35	EOC742
6	10	#fdbf6f	744	EOC742
7	6	#fb9a99	396	EOC742
9	5	#cf8d30	65	EOC742
10	3	#41ae76	52	EOC742
1	-1	#cccccc	7821	EOC752
2	4	#a6cee3	134	EOC752
4	1	#cab2d6	486	EOC752
5	1	#ff99ff	831	EOC752
1	-1	#cccccc	1509	EOC754
2	10	#a6cee3	64	EOC754
3	12	#b2df8a	212	EOC754
4	9	#cab2d6	408	EOC754
5	13	#ff99ff	88	EOC754
7	9	#fb9a99	34	EOC754
9	5	#cf8d30	86	EOC754
10	9	#41ae76	68	EOC754
11	13	#ff7f00	330	EOC754
12	1	#3de4c5	959	EOC754
13	1	#ff1aff	484	EOC754
1	-1	#cccccc	3726	EOC762
2	5	#a6cee3	846	EOC762
4	1	#cab2d6	123	EOC762
5	1	#ff99ff	2442	EOC762
6	7	#fdbf6f	102	EOC762
7	4	#fb9a99	2534	EOC762
8	7	#bbbb77	121	EOC762
1	-1	#cccccc	6113	EOC763
2	1	#a6cee3	4266	EOC763
3	2	#b2df8a	55	EOC763
4	1	#cab2d6	277	EOC763
5	2	#ff99ff	328	EOC763
6	4	#fdbf6f	302	EOC763
7	2	#fb9a99	193	EOC763
8	2	#bbbb77	136	EOC763
1	-1	#cccccc	1355	EOC779
3	7	#b2df8a	1836	EOC779
6	9	#fdbf6f	2168	EOC779
7	1	#fb9a99	5088	EOC779
9	1	#cf8d30	1308	EOC779
10	9	#41ae76	977	EOC779
1	-1	#cccccc	13449	EOC781
2	8	#a6cee3	2913	EOC781
3	2	#b2df8a	3501	EOC781
5	1	#ff99ff	901	EOC781
8	1	#bbbb77	1182	EOC781
10	5	#41ae76	2132	EOC781
1	-1	#cccccc	3437	EOC783
2	1	#a6cee3	656	EOC783
3	1	#b2df8a	258	EOC783
5	3	#ff99ff	304	EOC783
6	3	#fdbf6f	466	EOC783
7	5	#fb9a99	123	EOC783
9	6	#cf8d30	315	EOC783
10	5	#41ae76	148	EOC783
11	2	#ff7f00	140	EOC783
13	7	#ff1aff	54	EOC783
1	-1	#cccccc	5787	EOC809
2	12	#a6cee3	1646	EOC809
4	10	#cab2d6	1020	EOC809
10	15	#41ae76	567	EOC809
11	10	#ff7f00	1102	EOC809
12	1	#3de4c5	1544	EOC809
14	12	#9933ff	2834	EOC809
15	1	#3690c0	4452	EOC809
1	-1	#cccccc	4709	EOC815
2	1	#a6cee3	5707	EOC815
3	2	#b2df8a	1708	EOC815
4	9	#cab2d6	446	EOC815
6	9	#fdbf6f	419	EOC815
9	1	#cf8d30	5844	EOC815
10	4	#41ae76	546	EOC815
1	-1	#cccccc	5565	EOC817
2	5	#a6cee3	582	EOC817
3	5	#b2df8a	832	EOC817
4	1	#cab2d6	663	EOC817
5	1	#ff99ff	790	EOC817
1	-1	#cccccc	7331	EOC820
2	3	#a6cee3	79	EOC820
3	1	#b2df8a	252	EOC820
4	1	#cab2d6	111	EOC820
1	-1	#cccccc	3363	EOC823
2	1	#a6cee3	1080	EOC823
5	1	#ff99ff	125	EOC823
6	5	#fdbf6f	1809	EOC823
8	2	#bbbb77	257	EOC823
1	-1	#cccccc	2109	EOC824
2	1	#a6cee3	389	EOC824
3	1	#b2df8a	274	EOC824
1	-1	#cccccc	4256	EOC825
2	1	#a6cee3	33	EOC825
3	1	#b2df8a	1066	EOC825
4	5	#cab2d6	507	EOC825
5	2	#ff99ff	738	EOC825
7	3	#fb9a99	372	EOC825
8	2	#bbbb77	115	EOC825
10	2	#41ae76	32	EOC825
1	-1	#cccccc	4749	EOC839
3	1	#b2df8a	425	EOC839
4	5	#cab2d6	191	EOC839
5	3	#ff99ff	1077	EOC839
7	5	#fb9a99	791	EOC839
9	3	#cf8d30	97	EOC839
10	9	#41ae76	1585	EOC839
1	-1	#cccccc	3385	EOC855
1	-1	#cccccc	6147	EOC863
2	4	#a6cee3	631	EOC863
3	1	#b2df8a	927	EOC863
4	1	#cab2d6	111	EOC863
1	-1	#cccccc	3779	EOC866
2	3	#a6cee3	816	EOC866
3	1	#b2df8a	277	EOC866
4	5	#cab2d6	4011	EOC866
5	1	#ff99ff	83	EOC866
8	4	#bbbb77	2405	EOC866
9	2	#cf8d30	4003	EOC866
10	3	#41ae76	2060	EOC866
11	2	#ff7f00	3897	EOC866
1	-1	#cccccc	4722	EOC868
2	13	#a6cee3	165	EOC868
3	13	#b2df8a	536	EOC868
4	1	#cab2d6	1168	EOC868
5	13	#ff99ff	280	EOC868
10	2	#41ae76	82	EOC868
12	1	#3de4c5	1760	EOC868
13	16	#ff1aff	75	EOC868
15	2	#3690c0	154	EOC868
16	4	#8c510a	2861	EOC868
1	-1	#cccccc	1720	EOC871
3	1	#b2df8a	107	EOC871
4	1	#cab2d6	1141	EOC871
5	1	#ff99ff	368	EOC871
6	1	#fdbf6f	456	EOC871
7	1	#fb9a99	2867	EOC871
1	-1	#cccccc	303	EOC883
2	4	#a6cee3	778	EOC883
4	1	#cab2d6	3766	EOC883
1	-1	#cccccc	1341	EOC888
2	12	#a6cee3	196	EOC888
5	6	#ff99ff	2043	EOC888
6	1	#fdbf6f	971	EOC888
8	1	#bbbb77	2926	EOC888
9	12	#cf8d30	260	EOC888
11	12	#ff7f00	144	EOC888
12	6	#3de4c5	1582	EOC888
1	-1	#cccccc	3805	EOC890
2	5	#a6cee3	389	EOC890
3	1	#b2df8a	68	EOC890
4	5	#cab2d6	63	EOC890
5	1	#ff99ff	444	EOC890
6	5	#fdbf6f	180	EOC890
1	-1	#cccccc	2875	EOC891
2	3	#a6cee3	241	EOC891
3	1	#b2df8a	549	EOC891
4	2	#cab2d6	79	EOC891
5	9	#ff99ff	599	EOC891
6	4	#fdbf6f	2036	EOC891
7	1	#fb9a99	93	EOC891
8	2	#bbbb77	814	EOC891
9	3	#cf8d30	33	EOC891
1	-1	#cccccc	4526	EOC912
2	6	#a6cee3	817	EOC912
3	4	#b2df8a	1173	EOC912
4	1	#cab2d6	34	EOC912
6	1	#fdbf6f	40	EOC912
1	-1	#cccccc	3748	EOC915
2	3	#a6cee3	1454	EOC915
3	1	#b2df8a	585	EOC915
4	3	#cab2d6	267	EOC915
6	1	#fdbf6f	1861	EOC915
7	6	#fb9a99	1127	EOC915
8	2	#bbbb77	78	EOC915
1	-1	#cccccc	6433	EOC927
3	8	#b2df8a	154	EOC927
4	1	#cab2d6	3725	EOC927
5	4	#ff99ff	62	EOC927
6	4	#fdbf6f	92	EOC927
7	5	#fb9a99	44	EOC927
8	1	#bbbb77	2441	EOC927
1	-1	#cccccc	3937	EOC933
2	4	#a6cee3	2386	EOC933
4	10	#cab2d6	195	EOC933
6	1	#fdbf6f	3186	EOC933
10	1	#41ae76	118	EOC933
1	-1	#cccccc	2724	EOC939
2	6	#a6cee3	629	EOC939
3	1	#b2df8a	919	EOC939
6	1	#fdbf6f	1135	EOC939
7	3	#fb9a99	676	EOC939
1	-1	#cccccc	2076	EOC948
3	1	#b2df8a	2210	EOC948
4	1	#cab2d6	1587	EOC948
5	16	#ff99ff	153	EOC948
6	16	#fdbf6f	456	EOC948
7	4	#fb9a99	300	EOC948
10	3	#41ae76	291	EOC948
12	7	#3de4c5	1355	EOC948
15	10	#3690c0	319	EOC948
16	4	#8c510a	1223	EOC948
17	10	#666633	759	EOC948
1	-1	#cccccc	2560	EOC984
2	1	#a6cee3	118	EOC984
3	1	#b2df8a	96	EOC984
4	3	#cab2d6	63	EOC984
1	-1	#cccccc	1398	EOC989
2	6	#a6cee3	108	EOC989
4	5	#cab2d6	1689	EOC989
5	1	#ff99ff	42	EOC989
6	1	#fdbf6f	81	EOC989
1	-1	#cccccc	1175	EOC991
2	1	#a6cee3	130	EOC991
3	5	#b2df8a	882	EOC991
4	5	#cab2d6	2760	EOC991
5	1	#ff99ff	7311	EOC991
1	-1	#cccccc	3137	EOC1002
2	3	#a6cee3	152	EOC1002
3	1	#b2df8a	64	EOC1002
4	5	#cab2d6	98	EOC1002
5	1	#ff99ff	63	EOC1002
6	1	#fdbf6f	52	EOC1002
1	-1	#cccccc	2558	EOC1003
2	4	#a6cee3	166	EOC1003
3	1	#b2df8a	253	EOC1003
4	1	#cab2d6	74	EOC1003
5	3	#ff99ff	817	EOC1003
6	4	#fdbf6f	766	EOC1003
1	-1	#cccccc	1525	EOC1005
2	1	#a6cee3	413	EOC1005
3	4	#b2df8a	353	EOC1005
4	1	#cab2d6	43	EOC1005
7	4	#fb9a99	420	EOC1005
1	-1	#cccccc	2830	EOC1017
2	4	#a6cee3	40	EOC1017
3	1	#b2df8a	497	EOC1017
4	1	#cab2d6	786	EOC1017
1	-1	#cccccc	1058	EOC1030
3	1	#b2df8a	3774	EOC1030
4	1	#cab2d6	3944	EOC1030
1	-1	#cccccc	196	EOC1032
2	1	#a6cee3	426	EOC1032
3	2	#b2df8a	1093	EOC1032
4	3	#cab2d6	47	EOC1032
5	4	#ff99ff	493	EOC1032
6	2	#fdbf6f	3997	EOC1032
1	-1	#cccccc	1260	EOC1067
2	1	#a6cee3	5134	EOC1067
4	9	#cab2d6	802	EOC1067
5	13	#ff99ff	1663	EOC1067
7	1	#fb9a99	32	EOC1067
8	13	#bbbb77	57	EOC1067
9	7	#cf8d30	1418	EOC1067
10	4	#41ae76	707	EOC1067
13	9	#ff1aff	127	EOC1067
1	-1	#cccccc	3444	EOC1077
2	1	#a6cee3	157	EOC1077
4	13	#cab2d6	203	EOC1077
5	4	#ff99ff	1108	EOC1077
9	2	#cf8d30	2118	EOC1077
10	5	#41ae76	4648	EOC1077
11	9	#ff7f00	393	EOC1077
12	17	#3de4c5	701	EOC1077
13	1	#ff1aff	1010	EOC1077
16	17	#8c510a	1730	EOC1077
17	4	#666633	1388	EOC1077
1	-1	#cccccc	1718	EOC1091
2	1	#a6cee3	1097	EOC1091
3	1	#b2df8a	565	EOC1091
4	3	#cab2d6	1030	EOC1091
5	3	#ff99ff	1004	EOC1091
1	-1	#cccccc	1343	EOC1099
3	6	#b2df8a	826	EOC1099
4	1	#cab2d6	3456	EOC1099
6	1	#fdbf6f	2213	EOC1099
1	-1	#cccccc	1509	EOC1107
2	1	#a6cee3	1087	EOC1107
4	2	#cab2d6	51	EOC1107
5	1	#ff99ff	1560	EOC1107
6	10	#fdbf6f	321	EOC1107
8	2	#bbbb77	649	EOC1107
9	10	#cf8d30	31	EOC1107
10	8	#41ae76	433	EOC1107
1	-1	#cccccc	8220	EOC1119
2	9	#a6cee3	3205	EOC1119
4	9	#cab2d6	3370	EOC1119
5	2	#ff99ff	406	EOC1119
6	1	#fdbf6f	4264	EOC1119
9	1	#cf8d30	326	EOC1119
1	-1	#cccccc	1023	EOC1120
2	1	#a6cee3	151	EOC1120
5	1	#ff99ff	289	EOC1120
6	1	#fdbf6f	32	EOC1120
7	1	#fb9a99	247	EOC1120
1	-1	#cccccc	4221	EOC1122
2	9	#a6cee3	212	EOC1122
3	9	#b2df8a	115	EOC1122
4	1	#cab2d6	104	EOC1122
6	9	#fdbf6f	33	EOC1122
7	8	#fb9a99	311	EOC1122
8	1	#bbbb77	40	EOC1122
9	1	#cf8d30	165	EOC1122
1	-1	#cccccc	2180	EOC1127
2	5	#a6cee3	48	EOC1127
3	5	#b2df8a	38	EOC1127
4	1	#cab2d6	533	EOC1127
5	1	#ff99ff	309	EOC1127
1	-1	#cccccc	1923	EOC1129
3	1	#b2df8a	2017	EOC1129
5	8	#ff99ff	148	EOC1129
6	1	#fdbf6f	205	EOC1129
7	3	#fb9a99	433	EOC1129
8	3	#bbbb77	140	EOC1129
10	1	#41ae76	1861	EOC1129
